"tweet_id","in_reply_to_status_id","in_reply_to_user_id","timestamp","source","text","retweeted_status_id","retweeted_status_user_id","retweeted_status_timestamp","expanded_urls"
"878589561995108352","","","2017-06-24 12:24:09 +0000","<a href=""http://twitter.com"" rel=""nofollow"">Twitter Web Client</a>","2年振りに投稿。今年は1月に国道16号線沿いに電線に止まっているミヤマガラスの群れを発見。100羽以上いた。田んぼ以外の場所で見つけることができて、うれしかった。5月にはホオジロハクセキレイを40年振りに確認。2回目の確認だが、3回目はあるのだろうか。","","","",""
"563985666879811584","","","2015-02-07 09:00:35 +0000","<a href=""http://twitter.com"" rel=""nofollow"">Twitter Web Client</a>","2週続きの空振りにめげず、今日はミヤマガラスと遭遇。60羽ぐらい。カラスの群れはもっと大きかったのだが、左の部分だけがミヤマ、中央と右側はハシボソガラス。ハシボソに見えた中にはミヤマの若鳥もいたのかも知れない。","","","",""
"554244321155633152","","","2015-01-11 11:51:58 +0000","<a href=""http://twitter.com"" rel=""nofollow"">Twitter Web Client</a>","本日はミヤマカラスに出会えず。替わりというわけでもないが、３年ぶりにクイナに遭遇。","","","",""
"550570771613880323","","","2015-01-01 08:34:35 +0000","<a href=""http://twitter.com"" rel=""nofollow"">Twitter Web Client</a>","今シーズン、最初のミヤマガラス観察。最初、ハシボソしかいなかったが、遠方にカラスの群れを発見し、近づいて見るとミヤマだった。約200羽。鮮やかにくちばし白し！。寒かった！。","","","",""
"472713259552747520","","","2014-05-31 12:16:38 +0000","<a href=""http://twitter.com"" rel=""nofollow"">Twitter Web Client</a>","ハクセキレイの塒を発見。前回は吉野屋側の街路樹だったが、今回は東武ストアの出入り口横。閉店時刻は午前１時。明るい夜が好きなようだ。通りに沿って植えられた街路樹の一番端、つまり、交差点のすぐ側という立地条件まで一致している。樹種は未確認。前回はユリノキだった。","","","",""
"449892204551475200","","","2014-03-29 12:53:54 +0000","<a href=""http://twitter.com"" rel=""nofollow"">Twitter Web Client</a>","カラスの塒を探すには、塒に帰るカラスを追いかければ良い、という情報をWebから得たので、本日実行に移した。が、ミヤマガラスに出会えなかった。残念！。もう、北に帰ってしまったか？。","","","",""
"449030315479031810","","","2014-03-27 03:49:04 +0000","<a href=""http://twitter.com"" rel=""nofollow"">Twitter Web Client</a>","数日前の夕方、カラスのねぐらになっている林に行ってみた。この時期はミヤマガラスもいっしょにいるのではと思ったが、ハシブトだけ100羽ぐらいいた。匂いが強烈だった。ミヤマガラスのねぐらはどこだ？。","","","",""
"444811874773635072","","","2014-03-15 12:26:29 +0000","<a href=""http://twitter.com"" rel=""nofollow"">Twitter Web Client</a>","ミヤマガラス70~80羽。コクマルいない。すぐにミヤマと分かる個体おらず。ハシボソなのミヤマなの、というのばかり。これって幼鳥の群れ？。暖かくなり始めると識別に苦労したような記憶が数年前もあった。もしかすると出産・子育てする成鳥は早々と帰国してしまったのだろうか。","","","",""
"442194484483198976","","","2014-03-08 07:05:55 +0000","<a href=""http://twitter.com"" rel=""nofollow"">Twitter Web Client</a>","ミヤマガラスの観察に出かける。目的地に着く前に空を旋回する群れを発見。100羽ぐらい。田んぼに降りたので、群れの端辺りを探すと小さい個体がいて、猫のような鳴き声も聞こえる。肉眼ではっきりとコクマルガラス2羽（黒色）を識別できた。カラスにしては本当に小さい。","","","",""
"437523699382484992","","","2014-02-23 09:45:53 +0000","<a href=""http://twitter.com"" rel=""nofollow"">Twitter Web Client</a>","ミヤマガラスに出会えず、帰ろうとしたとき、遠方に旋回飛行中の群れを発見。自転車で移動し、群れの着地点に到着。250~300羽。田んぼで捕食中の群れから少し離れた林にも約20羽のカラス。近づくと猫みたいな変な鳴き声。ミヤマガラスよりも明らかに小さい個体がいる。黒色系コクマルだ。","","","",""
"427423180974616576","","","2014-01-26 12:50:02 +0000","<a href=""http://twitter.com"" rel=""nofollow"">Twitter Web Client</a>","ミヤマガラスの群れ、230~250羽ぐらい。周辺にハシボソガラスもいるので、ややこしい。猛烈な風で砂嵐状態になったので、退散。","","","",""
"424436442396250113","","","2014-01-18 07:01:48 +0000","<a href=""http://twitter.com"" rel=""nofollow"">Twitter Web Client</a>","近所の田んぼでミヤマガラスの群れを見る。200羽ぐらい。ちょうど頭上で旋回してくれた。舞い上がったり、木の葉のように舞い降りたりと、壮観だった。コクマルには出会えなかったかったが、良しとしよう。","","","",""
"423827886760407040","","","2014-01-16 14:43:37 +0000","<a href=""http://twitter.com"" rel=""nofollow"">Twitter Web Client</a>","一昨日に続いて、九段下駅側のお堀で鳥見。ハシビロガモはおとといと同じ場所に100羽ぐらいいた。","","","",""
"423089972275470336","","","2014-01-14 13:51:24 +0000","<a href=""http://twitter.com"" rel=""nofollow"">Twitter Web Client</a>","仕事の打ち合わせで上京。武道館に近いお堀で鳥見した。ハシビロガモ約30羽、ヒドリガモ5羽、カルガモ8羽。アオサギ、カイツブリ、ハクセキレイ、スズメ、カワラヒワ、ヒヨドリ、キジバト。この堀でハシビロガモを見たのは初めて。これまでは隣の堀でしか見たことがなかった。","","","",""
"421631151451566081","","","2014-01-10 13:14:34 +0000","<a href=""http://twitter.com"" rel=""nofollow"">Twitter Web Client</a>","カラスはモンゴル語ではxepeeではなくxэpээだった。Webで調べたらモンゴルにはミヤマガラスもコクマルガラスもいて、冬になると朝鮮半島や日本に渡ってきているそうだ。うちの近所に来ているミヤマガラスたちはモンゴルから来たのだろうか。モンゴル語で尋ねたら答えてくれるかな。","","","",""
"421589477467762688","","","2014-01-10 10:28:58 +0000","<a href=""http://twitter.com"" rel=""nofollow"">Twitter Web Client</a>","カラスはモンゴル語でxepee(ヘレー）、満洲語でgaha。満洲語の初等教育ビデオ内のカラスの写真はミヤマガラスだった。モンゴルにもミヤマガラスはいるのだろうか。","","","",""
"420534102391930880","","","2014-01-07 12:35:17 +0000","<a href=""http://twitter.com"" rel=""nofollow"">Twitter Web Client</a>","丸２年ツイートしていなかった。一昨日、ミヤマガラス（約160羽）の群れを確認。両翼の裏の部分が羽いのはいたが、コクマルではない。","","","",""
"113269407320522752","","","2011-09-12 15:15:05 +0000","<a href=""http://twitter.com"" rel=""nofollow"">Twitter Web Client</a>","2011.7.10  14時頃、シラサギのコロニー跡にホシゴイ6羽、アオサギ1羽。","","","",""
"102540655993176064","","","2011-08-14 00:42:52 +0000","<a href=""http://twitter.com"" rel=""nofollow"">Twitter Web Client</a>","7月末からチュウサギも昨年と同じ場所でよくみかける。塒なのか餌場なのかよく分からない。コサギ、ダイサギは見かけない。","","","",""
"102436766631473153","","","2011-08-13 17:50:03 +0000","<a href=""http://twitter.com"" rel=""nofollow"">Twitter Web Client</a>","8月の初め頃から、ハクセキレイが昨年と同じ木をネグラとして利用している。","","","",""
"102435412009684992","","","2011-08-13 17:44:40 +0000","<a href=""http://twitter.com"" rel=""nofollow"">Twitter Web Client</a>","2011.8.7 自宅の庭木を剪定中に聞きなれぬ鳥の鳴き声が。声のする方を見ると、猛禽類1羽が上空をくるくると旋回中。姿はタカで、トビの鳴き声とは違う。でも、首が細くて何となくアオサギのようにも思える見慣れぬ鳥だ。この鳥の正体はハチクマでした。#torimidasi","","","",""
"79557500084551680","","","2011-06-11 14:36:00 +0000","<a href=""http://twitter.com"" rel=""nofollow"">Twitter Web Client</a>","2011.6.11 18時頃、自宅から100メートルほどの地点で上空を飛ぶコアジサシ2羽を確認。餌場と塒の間を移動中だろうか。こんな住宅地で見れるとは思わなかった。15分ぐらい後にもう1羽確認。#torimidasi","","","",""
"78819115183251456","","","2011-06-09 13:41:56 +0000","<a href=""http://twitter.com"" rel=""nofollow"">Twitter Web Client</a>","2011.6.9 自宅の庭からカッコウを見た。鳴声に驚いて庭に出てみたら、隣宅のアンテナにとまっていた。本年初認というか、春日部で姿を見たのは初めて。これまでは鳴声だけだった。#torimidasi","","","",""
"64848850149572608","","","2011-05-02 00:29:05 +0000","<a href=""http://twitter.com"" rel=""nofollow"">Twitter Web Client</a>","サギのコロニーがなくなった理由が分かりました。地主さんがコロニーを嫌って、ブルドーザーで整地したとのこと。サギのいない時期に作業を行う分、良心的と言えるのかも知れないが、こうなる前に何とかしたかった。","","","",""
"62288880921100288","","","2011-04-24 22:56:41 +0000","<a href=""http://twitter.com"" rel=""nofollow"">Twitter Web Client</a>","2011.4.24 サギのコロニー跡を訪れるが、サギはいない。ブルドーザーで整地された河原には釣り人がいた。悔しい！。","","","",""
"60189580233687040","","","2011-04-19 03:54:48 +0000","<a href=""http://twitter.com"" rel=""nofollow"">Twitter Web Client</a>","2011.4.17 ミヤマガラスはいなかった。北へ帰ったのだろう。北へ帰ったというと簡単だが、日本のどの辺りを通って、大陸のどの辺りで夏を過ごすのだろうか。わからないことばかり。","","","",""
"54859802467254272","","","2011-04-04 10:56:10 +0000","<a href=""http://twitter.com"" rel=""nofollow"">Twitter Web Client</a>","2011.4.4 飾り羽の先端が亜麻色のダイサギを今日も自宅側の水路で見た。近くにいたコサギも尾羽の先が亜麻色だったので、どぶ川のような水路のため、水につかった部分が汚れているだけだと判明。以後、茶色と表記する。しかし、ダイサギが同じ個体であることは間違いない。","","","",""
"54858249861738497","","","2011-04-04 10:50:00 +0000","<a href=""http://twitter.com"" rel=""nofollow"">Twitter Web Client</a>","2011.4.2 ミヤマガラス約50。おそらく、すべて第１回冬羽。田を掘り返す耕運機の周囲に群れていた。","","","",""
"54471606835232768","","","2011-04-03 09:13:37 +0000","<a href=""http://twitter.com"" rel=""nofollow"">Twitter Web Client</a>","2011.4.2 飾り羽の先端がアマサギのように亜麻色のダイサギを見た。目の周囲は緑色になりつつある。自宅から2Kmぐらい離れた地点で午後一時頃に見たのだが、4時過ぎに今度は自宅側の水路で見つけた。個体識別できると、一日の動きまで分かる。","","","",""
"54469556797833216","","","2011-04-03 09:05:28 +0000","<a href=""http://twitter.com"" rel=""nofollow"">Twitter Web Client</a>","2011.4.2 サギのコロニー跡で唖然。ブルドーザーが入って、整地していた。上流側の半分は残りそうだが、整地した後に建物ができれば、サギはやってこない。悲しい。","","","",""
"53753173755699200","","","2011-04-01 09:38:49 +0000","<a href=""http://twitter.com"" rel=""nofollow"">Twitter Web Client</a>","2011.3.27 サギのコロニー跡、サギはいない。2011.4.1 古利根川でゴイサギ12羽。うち2羽はホシゴイ。","","","",""
"49354252572823552","","","2011-03-20 06:19:05 +0000","<a href=""http://twitter.com"" rel=""nofollow"">Twitter Web Client</a>","2011.3.20 ミヤマガラス70～80羽。いつまで日本にいるのかが気になる。嘴が明らかに白く、自信を持ってミヤマと断定できる個体は2羽。ハシブト・ハシボソよりもからだが一回り小さいというのが一番の識別のポイント。体色が茶色がかったり、白っぽかったりするようにも思う。","","","",""
"49044570352254976","","","2011-03-19 09:48:31 +0000","<a href=""http://twitter.com"" rel=""nofollow"">Twitter Web Client</a>","2011.3.19 サギのコロニー後に出かける。サギはおろか、鳥1羽もおらず。2Kmぐらい下流の地点でコサギを1見かけた。","","","",""
"44585917243064320","","","2011-03-07 02:31:25 +0000","<a href=""http://twitter.com"" rel=""nofollow"">Twitter Web Client</a>","2011.3.5 サギのコロニー跡に出かけたがサギはいなかった。コガモが11羽とヒドリガモ3羽が川にいた。ツバメも確認できなかった。","","","",""
"43180860207407104","","","2011-03-03 05:28:13 +0000","<a href=""http://twitter.com"" rel=""nofollow"">Twitter Web Client</a>","2011.3.3 ミヤマガラスの観察。いつも同じ格好で出かけているので、姿を覚えられたみたい。近づいてもあまり逃げなくなった。ハシブト・ハシボソとの混群だが、ミヤマは100羽を超えているはず。群れのはずれに30~40羽ぐらいでいつも固まっているのはどうやら皆、1年生みたい。","","","",""
"42933318865518592","","","2011-03-02 13:04:35 +0000","<a href=""http://twitter.com"" rel=""nofollow"">Twitter Web Client</a>","柴田敏隆著「カラスの早起き、スズメの女房」より引用「冬の市街地の夜、ハクセキレイがネオンの後ろ（裏）などに塒を構える例も多い。これはネオン管の熱を暖房がわりに利用しているのだ。‥‥」","","","",""
"42923899360509952","","","2011-03-02 12:27:09 +0000","<a href=""http://twitter.com"" rel=""nofollow"">Twitter Web Client</a>","2011.3.2 12:30 サギのコロニー前の川でダイサギ1羽確認。昨夏、コロニーが役目を終えてから、その側でシラサギを見たのは初めて。別の場所でキセキレイ、ヤマガラ、シロハラ、チョウゲンボウ、キジ、タヒバリを確認。","","","",""
"41812950696214528","","","2011-02-27 10:52:38 +0000","<a href=""http://twitter.com"" rel=""nofollow"">Twitter Web Client</a>","モニタリングサイト1000 ガンカモ類調査 交流会「東京湾のガンカモ、いまむかし」というのに参加してきた。カモの生息数調査をやってみようという気になった。元荒川にはヒドリガモとコガモはたくさんいる。オナガガモもときどきいる。マガモも見たことがある。","","","",""
"41024510668980224","","","2011-02-25 06:39:40 +0000","<a href=""http://twitter.com"" rel=""nofollow"">Twitter Web Client</a>","2011.2.25 ミヤマガラスを観察できた。ちなみに19日は空振りだった。近距離に近づけたので、嘴の色と形ではっきりとミヤマと識別できた。広い水田地帯の中で、ミヤマがいるのは限られた範囲で、ハシブトとハシボソはもっと広い地域で確認できる。この差はなぜ？。他にホオジロ、タゲリ。","","","",""
"37806819162337280","","","2011-02-16 09:33:42 +0000","<a href=""http://twitter.com"" rel=""nofollow"">Twitter Web Client</a>","#haku 久々にハクセキレイの話題。アニマ1981年6月号でハクセキレイの塒の記事を発見。交通量が多い道路の側、夜でも明るい所に塒を作るのは珍しくないらしい。","","","",""
"37011427688591360","","","2011-02-14 04:53:06 +0000","<a href=""http://twitter.com"" rel=""nofollow"">Twitter Web Client</a>","2011.2.13 ミヤマガラスは40~50羽?｡稲の刈り取り跡の水田にいるのだが、草に遮られてクチバシを確認できない。付近にハシボソもいるため、カウントは甚だ困難。この群れにはコクマルはいないみたい。いても黒色タイプだと識別できないかもしれないが...。タゲリとケリがいた。","","","",""
"35310889615896576","","","2011-02-09 12:15:46 +0000","<a href=""http://twitter.com"" rel=""nofollow"">Twitter Web Client</a>","2011.2.9 ミヤマガラスの観察に出かけた。200羽位カラスが群れていたが、ハシボソばかり。よく観察すると、群れの一角に20羽ぐらい、クチバシが尖っていて、少し小柄なグループがいた。クチバシがはっきり白いと分かるのもいた。遠目に見ると、体全体黒いのだが何となく白っぽく見える。","","","",""
"35309658122092544","","","2011-02-09 12:10:53 +0000","<a href=""http://twitter.com"" rel=""nofollow"">Twitter Web Client</a>","2011.2.6 ミヤマガラスを春日部市内の水田地帯で見つけた。苦節3年、やっと確認できた。それにしてもハシボソガラスとの識別はむつかしい。クチバシが尖っていて、白っぽいのが特徴だが、見る角度や日光の当たり具合、個体差を考えると、だんだん自信がなくなってくる。","","","",""
"30093714823053312","","","2011-01-26 02:44:35 +0000","<a href=""http://twitter.com"" rel=""nofollow"">Twitter Web Client</a>","我が家の庭のカキの実と赤い実（種不明）は食べつくされ、鳥がやって来る回数はグンと減った。ヒヨドリたちは近所のお宅の庭の赤い実に頻繁にやって来ている。食べ尽くしては次の場所に移動するというパターンで餌を取得しているようだ。","","","",""
"29161145998774272","","","2011-01-23 12:58:53 +0000","<a href=""http://twitter.com"" rel=""nofollow"">Twitter Web Client</a>","いつもとは逆方向に元荒川を散策。林の中に入って、小鳥専門に観察。シジュウカラ、ヤマガラ、シメ、シロハラ、コゲラ、カワラヒワ等。地面でガサガサ音がすると、シロハラやアカハラを期待するがキジバトばかりが目についた。","","","",""
"28721955360210944","","","2011-01-22 07:53:42 +0000","<a href=""http://twitter.com"" rel=""nofollow"">Twitter Web Client</a>","元荒川で鳥見。バン、セグロセキレイ、イカルチドリ、タシギ、コゲラ、オナガなど31種。ヒドリガモが例年より少ないように感じる。川沿いに2時間ほど散策したが、サギ類を一羽も確認できなかった。今日はマミチャジナイは見れなかった。","","","",""
"27186684672081920","","","2011-01-18 02:13:05 +0000","<a href=""http://twitter.com"" rel=""nofollow"">Twitter Web Client</a>","自宅の庭にツグミがよくやってくる。地面に降りた姿を上から見ると、周りの落ち葉にとけ込んだかのように、見事な保護色となっている。ちなみに我が家の落ち葉はカキ、サクラ、カリン。うちに出入りするツグミは体色が薄いように感じている。若鳥の溜まり場になっているのだろうか。","","","",""
"26196962818654208","","","2011-01-15 08:40:17 +0000","<a href=""http://twitter.com"" rel=""nofollow"">Twitter Web Client</a>","元荒川で鳥見。腹部の赤みがやや薄くて、鳴かないアカハラを発見。帰宅後、図鑑で確認するとマミチャジナイだった。マミチャジナイの語源は？。カモ類はコガモ、ヒドリガモ、カルガモ、マガモ、オナガガモ。ハシブトガラスの溜まり場が復活していた。50～60羽ぐらい。冬季限定の溜まり場だろうか。","","","",""
"23695345879883776","","","2011-01-08 10:59:45 +0000","<a href=""http://twitter.com"" rel=""nofollow"">Twitter Web Client</a>","周南鳥紀行3 末武川河口を双眼鏡を持って再訪。マガモ、ミミカイツブリ、カンムリカイツブリ、タヒバリ、イソヒヨドリ♂、カイツブリを新たに確認。帰途、平田川でダイサギを1羽確認。嘴は黄色だった。","","","",""
"22895312418906112","","","2011-01-06 06:00:42 +0000","<a href=""http://twitter.com"" rel=""nofollow"">Twitter Web Client</a>","周南鳥紀行2 末武川河口でカモを発見。ヒドリガモ、ハシビロガモ、キンクロハジロ、ホシハジロ、オカヨシガモ、オナガガモ。他にはカワウ、オオバン、アオジ、ホオジロ、イソヒヨドリ等。山口県でカワウを見たのはは初めて。","","","",""
"22527639684124672","","","2011-01-05 05:39:42 +0000","<a href=""http://twitter.com"" rel=""nofollow"">Twitter Web Client</a>","サギのコロニー跡でレンジャクのような鳥を見かけたことはツイートしていたが、今度は本物を確認した。山口県周南市でヒレンジャクを3羽確認した。首都圏には約30年住んでいるが、レンジャクを見たことは一度もない。レンジャクは西日本の方が多い？。でも、東京の三鷹市には連雀という地名がある。","","","",""
"18917820754567168","","","2010-12-26 06:35:34 +0000","<a href=""http://twitter.com"" rel=""nofollow"">Twitter Web Client</a>","昨日に続いて、サギのコロニー跡に出かける。今日もツグミが集団で水浴びをしていた。ムクドリの群れも水浴びをしようとやってきたが、着地せずに大半は飛び去った。思いがけず、コブハクチョウが現れた。水面を蹴って、飛び立つ姿は壮観だった。羽の汚れ具合からして、野生で生活しているはず。","","","",""
"18611946865561600","","","2010-12-25 10:20:08 +0000","<a href=""http://twitter.com"" rel=""nofollow"">Twitter Web Client</a>","サギのコロニー跡に出かける。例のアオサギが1羽。ヒドリガモが7,8羽。木々と川原の水際をツグミの群れが行ったり来たり。数は40,50羽。これだけの数を一度に見たのも、水浴び姿を見たのも初めて。群れにはヒヨドリも混じっていた。頭部がトサカのように突き出している個体2羽。レンジャク?","","","",""
"16380347356815360","","","2010-12-19 06:32:33 +0000","<a href=""http://twitter.com"" rel=""nofollow"">Twitter Web Client</a>","野鳥の森でキセキレイを見た。森の中とは言え、旧古隅田川から5,60mの距離なので、水辺から離れた場所ではない。今年は、春日部市内で３度もキセキレイを見た。数が増えているのだろうか。ちなみに昨年以前となると、今高校3年の息子が幼稚園にも行ってなかった頃に八幡公園で確認している。","","","",""
"16080566214463488","","","2010-12-18 10:41:20 +0000","<a href=""http://twitter.com"" rel=""nofollow"">Twitter Web Client</a>","所要で行徳に出かけた。地図を頼りに目的地を目指して歩いていると、スズメが足元にまとわりつくように目につく。チュンチュンとうるさい。子供の頃に戻ったかのようにスズメが多い。ハクセキレイとムクドリはいない。この2種がいないのでスズメが安心して暮らせるのであろう。大胆な意見かな？。","","","",""
"7939707035983873","","","2010-11-25 23:32:28 +0000","<a href=""http://twitter.com"" rel=""nofollow"">Twitter Web Client</a>","2010.11.25 ジョウビタキの♂1羽初認。 11/20 12時頃 いつもの場所に行ったが、チュウサギはいなかった。","","","",""
"5802107806425089","","","2010-11-20 01:58:24 +0000","<a href=""http://twitter.com"" rel=""nofollow"">Twitter Web Client</a>","ハクセキレイの塒だったユリノキの枝をすべて切り落とされてしまった。この木だけでなく、ユリノキ通りのユリノキ全部が、枝打ちされてしまった。おそらく落ち葉予防対策として市が実施したのであろう。一本ぐらい、葉っぱを残してくれてもよさそうに思う。市役所とかけあってみるべきだった。","","","",""
"3446714606288896","","","2010-11-13 13:58:55 +0000","<a href=""http://twitter.com"" rel=""nofollow"">Twitter Web Client</a>","2010.11.13 15時 シラサギの塒ではと目をつけていた場所に出かけた。いつもチュウサギが1羽いる。稲を刈った水田で採餌している。ひと月ぐらい前は、ここで3羽のチュウサギを確認していた。何らかの理由で渡りが遅れている一羽が居残っているのだろうか。サギの側でキセキレイを見た。","","","",""
"2998200923332608","","","2010-11-12 08:16:41 +0000","<a href=""http://twitter.com"" rel=""nofollow"">Twitter Web Client</a>","2010.11.12 16:45 塒の木は通りの一番西側で、二方を道路に囲まれ、側には2階建の家はない。日当りが良いからか色づくのは他の街路樹よりも際立って遅い。緑の葉がたくさん。2008年にも塒になっていた。日没直後の10~15分の間に全体の8~9割ぐらいが集合するような感じ。","","","",""
"2720824519823360","","","2010-11-11 13:54:29 +0000","<a href=""http://twitter.com"" rel=""nofollow"">Twitter Web Client</a>","2010.11.11 16:30 塒にハクセキレイはいない。塒の10mぐらい上空を3,4羽が飛んでいった。10分ぐらい塒の側を離れ、戻ってきた。ハクセキレイは集まり始めており、道路を挟んだ位置にあるバイク屋の屋根に20羽近くが止まった。日没直後の短時間に集中して集まって来る。","","","",""
"2574656699629568","","","2010-11-11 04:13:40 +0000","<a href=""http://twitter.com"" rel=""nofollow"">Twitter Web Client</a>","2010.11.19 16:47,48分　塒のユリノキのハクセキレイが集まりだした。まだ、10羽弱。いきなり塒入りはせず、付近の電線や民家の屋根に止まる。塒と道路を隔てたバイク屋の屋根に多くが止まり、そこから塒入り。10分ぐらいで数は20羽ぐらいになった。","","","",""
"1419243878883328","","","2010-11-07 23:42:28 +0000","<a href=""http://twitter.com"" rel=""nofollow"">Twitter Web Client</a>","2010.11.6 17時、日没直後頃。ハクセキレイが塒の周りを飛び回っている。観察中にも次々に飛来してくる。総数30~40羽ぐらい？。枝に止まると葉の陰になり、見えなくなるので、正確なカウントは困難。飛来する個体は皆、同じ方角からやって来るのは偶然だろうか。","","","",""
"29240849166","","","2010-10-31 00:00:00 +0000","<a href=""http://twitter.com"" rel=""nofollow"">Twitter Web Client</a>","2010.10.27 19時頃 ハクセキレイの塒の下を通る。この日も静か。しかし、ユリノキの葉陰にじっと、とまっているハクセイレイを何羽も確認できた。毎日、観察したいがついついさぼりがち。","","","",""
"28012557347","","","2010-10-21 00:00:00 +0000","<a href=""http://twitter.com"" rel=""nofollow"">Twitter Web Client</a>","10月17日に渡良瀬遊水地に出かけた。葦原の上を飛ぶチュウヒを確認できた。ゆっくりはばたきながら、低空を舞うのが印象的だった。","","","",""
"28378119649","","","2010-10-21 00:00:00 +0000","<a href=""http://twitter.com"" rel=""nofollow"">Twitter Web Client</a>","2010.10.21 20時頃 近所のハクセキレイの塒の側を通る。街路樹をハクセキレイが塒として利用中。夜に通りかかると、鳴きわめくのやら飛び回るのやらで騒がしいことこの上ない。しかし、この日は静か。目を凝らしてみると、葉っぱの影にたくさんいた。就寝時刻を過ぎたからだろうか？。","","","",""
"26055769554","","","2010-10-01 00:00:00 +0000","<a href=""http://twitter.com"" rel=""nofollow"">Twitter Web Client</a>","サギのコロニー跡に行ってみた。河原の様子がだいぶ変わっていた。カルガモが10羽ぐらいいたので、双眼鏡で見てみた。コガモが1羽混じっていた。メス？、オスのエクリプス？。判別不能。","","","",""
"22163810843","","","2010-08-26 00:00:00 +0000","<a href=""http://twitter.com"" rel=""nofollow"">Twitter Web Client</a>","2010.8.26 17時半頃 塒には一羽もいなかった。昨夜は見誤りではなかった。早くも放棄されたのか、元々塒ではなかったのか。朝夕の時間帯に観察していないので、何とも言えない。ただ、木々に残されたふんなどから、塒だったと推測している。コロニー跡には例のアオサギが一羽。","","","",""
"22081124476","","","2010-08-25 00:00:00 +0000","<a href=""http://twitter.com"" rel=""nofollow"">Twitter Web Client</a>","2010.8.25 19時頃 一羽もいなかった、というか、暗過ぎてよく見えなかった。本当に塒なのだろうか。","","","",""
"21909238761","","","2010-08-23 00:00:00 +0000","<a href=""http://twitter.com"" rel=""nofollow"">Twitter Web Client</a>","2010.8.23 16時半 コサギ10、チュウサギ1。サギの塒には夏塒と冬塒があるそうだ。今観察しているのは夏塒。チュウサギとダイサギはここから渡りに旅立り、コサギは冬塒に移動するらしい。サギが止まっているいるのは竹ではなく、別の木。名前が分からないのが残念。","","","",""
"21824983179","","","2010-08-22 00:00:00 +0000","<a href=""http://twitter.com"" rel=""nofollow"">Twitter Web Client</a>","2010.8.22 17時 シラサギ17羽。3羽はチュウサギ?｡ここが塒であるのは間違いなさそう。ここ以外にも塒はあるはずだが、探すのは大変。この塒にしぼって観察を続けてみよう。コロニーよりも自宅に近いので、観察は少し楽だ。","","","",""
"21732250890","","","2010-08-21 00:00:00 +0000","<a href=""http://twitter.com"" rel=""nofollow"">Twitter Web Client</a>","2010.8.21 14時 塒には0、水田に1。コサギかチュウサギか判別できなかった。昼間だからいないのか？。次は朝か夕方に来てみよう。15時にコロニー跡で、いつものアオサギ1羽。さいたま市岩槻区（旧岩槻市）の図書館に行ってみたが、特にサギに関する書籍はなかった。","","","",""
"21626052649","","","2010-08-20 00:00:00 +0000","<a href=""http://twitter.com"" rel=""nofollow"">Twitter Web Client</a>","2010.8.20 8時半 塒にはチュウサギ4、コサギ2。今年生まれの若鳥はいないようだ。コロニー跡にはいつものアオサギが1羽。コロニーの側では双眼鏡を持っていても怪しまれないが、塒は違う。サギが数羽程度では一般の人の目にはとまらず、双眼鏡を持ってじっとしている私は立派な不信者。","","","",""
"21571180241","","","2010-08-19 00:00:00 +0000","<a href=""http://twitter.com"" rel=""nofollow"">Twitter Web Client</a>","2010.8.19 15時 気になっていたコサギの若鳥はいなくなっていた。どこかへ飛んで行ったのだろう。おそらく昨日と同じであろうアオサギが1羽いるだけ。シラサギもゴイサギもまったくいない。サギのコロニー観察記録はこれにて終了!。","","","",""
"21571579249","","","2010-08-19 00:00:00 +0000","<a href=""http://twitter.com"" rel=""nofollow"">Twitter Web Client</a>","2010.8.19 15時半 コロニー最寄りの水田地帯の脇に竹林がある。コロニーからの帰りに見てみると、コサギが7羽。考えてみると、数日前も水田ではなく木々に止まっている数羽のシラサギを見た覚えがある。サギの塒観察記録の始まりだ!。","","","",""
"21445551246","","","2010-08-18 00:00:00 +0000","<a href=""http://twitter.com"" rel=""nofollow"">Twitter Web Client</a>","2010.8.18 9時 Aブロック前の中州にコサギ若鳥1,チュウサギ2(生年不詳)､アオサギ1(体色からしておそらく今年生まれ）。チュウサギは歩いたり、はばたいたりと元気だが、コサギはじっとしていることが多い。完全に巣立ちできたのかどうか気になる。アオサギの出現にはびっくり。","","","",""
"21526346311","","","2010-08-18 00:00:00 +0000","<a href=""http://twitter.com"" rel=""nofollow"">Twitter Web Client</a>","2010.8.19 こんなサイトを見つけました。http://fukaya.j-eagle.com/?page_id=1492　埼玉、第3のコロニー。","","","",""
"21372691101","","","2010-08-17 00:00:00 +0000","<a href=""http://twitter.com"" rel=""nofollow"">Twitter Web Client</a>","2010.8.16 16時半 到着時にはコサギ1羽だけ。パラパラと戻って来て5羽に。コサギとチュウサギの若鳥が各1、残り3羽はダイサギ・チュウサギのいずれかで、若鳥かどうかは判定不能。鳥見の家族連れに昨日まではたくさんいたと教えてあげた。どこに行ったのと聞かれたが、答えられない。","","","",""
"21232864869","","","2010-08-15 00:00:00 +0000","<a href=""http://twitter.com"" rel=""nofollow"">Twitter Web Client</a>","2010.8.15 16時半 シラサギ約40羽。コサギは1羽だけ。集団で一斉に空を舞ったのでびっくり!。旅立ちの準備か?｡Bブロックは1羽だけで、他は皆Aブロック。残っているサギは一斉にいなくなるのだろうか。それとも、チュウサギ、ダイサギの順でいなくなるのだろうか。","","","",""
"21047947331","","","2010-08-13 00:00:00 +0000","<a href=""http://twitter.com"" rel=""nofollow"">Twitter Web Client</a>","2010.8.13 16時半 シラサギ約70羽。Ｂブロックには1羽もいなかった。Ａブロック前の支流を隔てた中州の樹上に10数羽いた。ダイサギはからだが大きいのでよく目立つ。3家族？。頭部が毛羽立ったヒナの面影を残す若鳥がいる巣が3つぐらい。観察中にカルガモ1羽が飛来。","","","",""
"21048049383","","","2010-08-13 00:00:00 +0000","<a href=""http://twitter.com"" rel=""nofollow"">Twitter Web Client</a>","2010.8.13 追伸 観察地に向かう途中の水田でコサギ3、チュウサギ1を確認。今年生まれの若鳥ではなかった。電線にムクドリが100羽ぐらい群れていた。","","","",""
"20866618367","","","2010-08-11 00:00:00 +0000","<a href=""http://twitter.com"" rel=""nofollow"">Twitter Web Client</a>","2010.8.10 16時頃 若鳥グループが河原からＡブロックの樹上に移動。遠くから見ると、木の枝々に白い大きな花が咲いたようで、なかなか壮観。シラサギは60羽強。ゴイサギは0。親鳥がコロニーに戻ってくると、大騒ぎして迎えるヒナ（若鳥）がＡブロックにまだいた。","","","",""
"20463181715","","","2010-08-06 00:00:00 +0000","<a href=""http://twitter.com"" rel=""nofollow"">Twitter Web Client</a>","2010.8.6 16時頃 河原の若鳥グループのメンバーが増えていた。夕日が眩しくて双眼鏡が使えない時刻。コロニーはほぼ役割を終えたという感じ。ゴイサギは一羽もいない。私の横の林でツクツクボウシが鳴いていた。","","","",""
"20379739346","","","2010-08-05 00:00:00 +0000","<a href=""http://twitter.com"" rel=""nofollow"">Twitter Web Client</a>","2010.8.5 14:30 若鳥、親鳥を含めてシラサギ約80羽、ゴイサギ0。若鳥がとどまっている巣はAブロックに一つ。若鳥らしいのがとどまっている巣が両ブロックに一つずつ。若鳥グループは相変わらず、河原の日陰にたむろ。夜のコンビニ前にたむろするヒトの若者のよう。","","","",""
"20184649320","","","2010-08-03 00:00:00 +0000","<a href=""http://twitter.com"" rel=""nofollow"">Twitter Web Client</a>","2010.8.2 こんなブログを見つけました。http://blog.goo.ne.jp/makko0609/e/6403fd12a7729fdd4852839c51493857
このコロニーは3年前からあったらしい。","","","",""
"20031544925","","","2010-08-01 00:00:00 +0000","<a href=""http://twitter.com"" rel=""nofollow"">Twitter Web Client</a>","2010.7.31 追伸訂正 コロニーから約4Km上流(北西)に行った地点にまとまった水田地帯がある。コサギとチュウサギあわせて7,8羽いたが、今年生まれの個体はいなかったように思う。8羽もヒナをつれたキジの夫婦と、今年巣立ったオオヨシキリ1羽に出会った。","","","",""
"20053060905","","","2010-08-01 00:00:00 +0000","<a href=""http://twitter.com"" rel=""nofollow"">Twitter Web Client</a>","2010.8.1 17時 夕方のためかサギが多い。シラサギ約110羽、ゴイサギ5羽。もちろん若鳥もカウントしている。コロニー最寄の水田地帯には大中小あわせて10羽程度のシラサギ。1羽が餌をとらずに水田側の木に止まっている。嘴の周りは赤く、足は薄い黄緑。巣立ち間もないコサギか。","","","",""
"20053281251","","","2010-08-01 00:00:00 +0000","<a href=""http://twitter.com"" rel=""nofollow"">Twitter Web Client</a>","2010.8.1 追伸 アマサギを1羽確認。アマサギは子育てしたのだろうか？。アマサギの雛は親と違い亜麻色ではない。ときどき、嘴が太いと感じるヒナがいたが、それがアマサギの雛だったのだろうか。亜麻色の親鳥がエサを与えている場面を見ることはなかったが、繁殖したと考える方が自然だ。","","","",""
"19985511353","","","2010-07-31 00:00:00 +0000","<a href=""http://twitter.com"" rel=""nofollow"">Twitter Web Client</a>","2010.7.31 14時 河原にたむろする巣立ち後の若鳥グループにダイサギの若鳥2羽が加わっていた。繁殖を確認できたダイサギの巣は2個。コサギ・チュウサギよりも巣立ちは遅い。コロニー全体で、まだ巣立っていないであろうヒナがいるシラサギの巣は2個。コロニー下にカワセミがいた。","","","",""
"19660335762","","","2010-07-27 00:00:00 +0000","<a href=""http://twitter.com"" rel=""nofollow"">Twitter Web Client</a>","2010.7.27 11時 コサギとチュウサギの巣立ち後の雛の群れがＡブロックに近い木陰に移ってしまい、Bブロックは閑散。巣立ち前の雛と親鳥を合わせても20羽もいない。コロニー全体で、巣立ち前のシラサギの雛は20羽強。皆、間もなく巣立ちしそう。ゴイサギは2羽しか確認できなかった。","","","",""
"19660882847","","","2010-07-27 00:00:00 +0000","<a href=""http://twitter.com"" rel=""nofollow"">Twitter Web Client</a>","2010.7.27 追伸 いつもの観察地点から川を渡って、コロニーを裏側から観察した。Aブロックの裏側に雛が5羽いるチュウサギの巣があった。前後するが、コロニーに行く途中、水田地帯でサギを観察。チュウサギ2、アオサギ1。コロニーの北約1Kmの、コロニーから最も近い水田地帯。","","","",""
"19550894484","","","2010-07-26 00:00:00 +0000","<a href=""http://twitter.com"" rel=""nofollow"">Twitter Web Client</a>","2010.7.26 11時 ゴイサギがいなくなっていた。観察中に数羽がコロニーに戻って来ただけ。巣にとどまっているものはいない。最後の雛の巣立ちにあわせて、一斉にどこかに行ってしまったような感じがする。このところの暑さに負けて観察を怠けたことが悔やまれる。反省!。","","","",""
"19551301417","","","2010-07-26 00:00:00 +0000","<a href=""http://twitter.com"" rel=""nofollow"">Twitter Web Client</a>","2010.7.26 追伸 コサギの雛の脚は薄い黄緑。口の中は赤い。羽裏はチュウサギのようにピンクではなく白。巣から出て、川面に突き出た小枝に止まり、水を飲む雛がいた。コロニー直前でカワウが１羽泳いでいた。ハシブトガラスが１羽、コロニーに侵入し、枯れ草のようなものをくわえて行った。","","","",""
"19076094686","","","2010-07-21 00:00:00 +0000","<a href=""http://twitter.com"" rel=""nofollow"">Twitter Web Client</a>","2010.7.21 17時 ダイサギの巣と雛を確認できた。Bブロックではシラサギの雛20羽ぐらいが巣のあった木々の下から河原に繰り出していた。雛が孵らないゴイサギの巣に親鳥の姿はなかった。Aブロックに頭と首のそれぞれごく一部だけが亜麻色のアマサギがいた。2年目の若鳥なのだろうか。","","","",""
"18888789108","","","2010-07-19 00:00:00 +0000","<a href=""http://twitter.com"" rel=""nofollow"">Twitter Web Client</a>","2010.7.19 10時半 吉川市の中川河原にあるコロニーまで出かけた。こちらの方が規模が大きい。シラサギだけで200羽を超えている。今年巣立ったものも含めて、シラサギ260、ゴイサギ30と見積もった。アオサギの雛（すでにかなり大きい）が1羽、アマサギも1羽いた。","","","",""
"18889165014","","","2010-07-19 00:00:00 +0000","<a href=""http://twitter.com"" rel=""nofollow"">Twitter Web Client</a>","2010.7.19 追伸 元荒川と比べて雛の巣立ちが早いと感じた。巣の中で親鳥の帰りを待っているような小さい雛は一羽もいなかった。成鳥並の大きさになったゴイサギの雛が5,6羽目についた程度。また、ダイサギの比率が高い。川の本流に支流が合流する地点にあるという立地条件は同じ。","","","",""
"18826059513","","","2010-07-18 00:00:00 +0000","<a href=""http://twitter.com"" rel=""nofollow"">Twitter Web Client</a>","2010.7.18 16時 ゴイサギの雛はすでにコロニーの外に飛んで出かけている。Ｂブロックの雛が孵らないゴイサギの巣では親鳥が今日も抱卵ポーズ。Aブロックの雛が孵らないと思われていたシラサギの巣２つで共に雛を確認。育った雛を親鳥と勘違いしていた。親子揃っているところを見て納得。","","","",""
"18766909343","","","2010-07-17 00:00:00 +0000","<a href=""http://twitter.com"" rel=""nofollow"">Twitter Web Client</a>","2010.7.17 16時半 コロニーから東北に約1.5Kmの水田地帯に遠征した。コサギ、チュウサギ、ゴイサギが1,2羽ずつ見受けられた。おそらく、あのコロニーの”住人”であろうが、確認するすべがない。あちこちでセッカが鳴いていた。ムクドリが100羽ぐらい群れていた。","","","",""
"18663117721","","","2010-07-16 00:00:00 +0000","<a href=""http://twitter.com"" rel=""nofollow"">Twitter Web Client</a>","2010.716 14時 巣立ち間もないゴイサギがヨタヨタと飛んでいた。Aブロックで雛のいるシラサギの巣は8,9個。Bブロックは地面がシラサギの雛だらけ。羽ばたきの練習をするもの、小し飛びあがれるものなど、大混雑状態。ゴイサギの雛が孵らない巣が一つ。親鳥は抱卵している。","","","",""
"18515665197","","","2010-07-14 00:00:00 +0000","<a href=""http://twitter.com"" rel=""nofollow"">Twitter Web Client</a>","2010.7.14 18時半 親鳥だけをカウントしてシラダギは約90羽。脚先が黄色ではなく赤に近いようなコサギがいた。Aブロックで雛のいるシラサギの巣は5,6個。一番目立つ位置にいたゴイサギの雛が飛んで巣に戻って来たのを確認した。鳥見の女性に双眼鏡を貸してあげた。親切？迷惑？。","","","",""
"18347986676","","","2010-07-12 00:00:00 +0000","<a href=""http://twitter.com"" rel=""nofollow"">Twitter Web Client</a>","2010.7.12 15時半 コロニーではなく、親鳥の餌場と思われる調整池に行ってみた。ダイサギ1、チュウサギ2、コサギ4、5羽。アオサギも4羽。内2羽はやけに灰色っぽい。巣立ち間もないのだろうか。ここはコロニーから北に3Kmぐらい。サギがよく集まる地点を順番に訪れてみよう。","","","",""
"18190880700","","","2010-07-10 00:00:00 +0000","<a href=""http://twitter.com"" rel=""nofollow"">Twitter Web Client</a>","2010.7.10 16時半 ダイサギを1羽確認したが、ダイサギのヒナは確認できない。今でも抱卵体制の親鳥の卵はもう孵らないのだろうか。コロニー手前の川をカヌー（カヤック？）を漕いで遡っている変な人がいた。しかし、サギを見ている人とカヌーを漕ぐ人、どちらがより変なのだろうか。","","","",""
"18191215169","","","2010-07-10 00:00:00 +0000","<a href=""http://twitter.com"" rel=""nofollow"">Twitter Web Client</a>","2010.7.10 さいたま市野田まで自転車で出かけた。サギ山記念館で昭和30年代の野田のサギ山の風景などの写真を見た。サギの多さにびっくり。今、私が観察しているコロニーなどものの数ではない。巣の数が6000個、見物人用の塔まであったというのだから、すご過ぎる。","","","",""
"18096274746","","","2010-07-09 00:00:00 +0000","<a href=""http://twitter.com"" rel=""nofollow"">Twitter Web Client</a>","2010.7.9 14時 Aブロックはゴイサギの雛約30羽、シラサギは約10羽。親鳥が抱卵体制で雛の気配のない巣はシラサギ3。ゴイサギ0。一番目立つ箇所にいる4羽は同じ親鳥に反応していた。やはり、1つの巣で育ったようだ。クチバシの黄色が鮮やかなアマサギらしき個体が1羽いた。","","","",""
"18096612662","","","2010-07-09 00:00:00 +0000","<a href=""http://twitter.com"" rel=""nofollow"">Twitter Web Client</a>","2010.7.9 追伸 Bブロックはシラサギの雛約20羽、既に巣立ったらしい6,7羽は地面におりたり、低い枝に飛び上がったりしている。雛の羽裏はピンク→灰色→白と変化するようだ。ゴイサギの雛は6,7羽。小さいものもいる。親鳥が抱卵体制で雛の気配がない巣はシラサギ2、ゴイサギ1。","","","",""
"17936268702","","","2010-07-07 00:00:00 +0000","<a href=""http://twitter.com"" rel=""nofollow"">Twitter Web Client</a>","2010.7.7 14時半 Aブロックは今年生まれのゴイサギの雛が10羽以上。巣立ち後なのかどうかは分からないかが、木々のてっぺん付近に多くいる。一番目立っていた2羽の雛とそのすぐ下にいた2羽は同じ巣だったのかも知れない。一羽の親鳥が戻って来た時、4羽が一斉にエサをねだっていた。","","","",""
"17936413585","","","2010-07-07 00:00:00 +0000","<a href=""http://twitter.com"" rel=""nofollow"">Twitter Web Client</a>","2010.7.7 追伸 Bブロックはシラサギのヒナが10羽以上。羽の裏がピンク色の個体は確認できなかった。Aブロックに比べ、まだ小さいゴイサギの雛が2羽。今でも抱卵体制のシラサギが5羽、ゴイサギが1羽。これから、孵化するのだろうか。時折、オオヨシキリの声も聞こえた。","","","",""
"17628248390","","","2010-07-03 00:00:00 +0000","<a href=""http://twitter.com"" rel=""nofollow"">Twitter Web Client</a>","2010.7.3 11時 一週間振りに観察。ゴイサギのヒナは既に何羽か巣立った模様。巣立っていないものもホシゴイと呼んで差し支えない状態。チュウサギのヒナも急成長。羽ばたきを繰り返している。羽裏はやはりピンク色。ヒナが大きくなり、親鳥だけのカウントは困難になってきた。","","","",""
"17153125112","","","2010-06-27 00:00:00 +0000","<a href=""http://twitter.com"" rel=""nofollow"">Twitter Web Client</a>","2010.6.27 16時 目が慣れてきたのと雛が大きくなったのとで雛の数が増えてきた。Aブロックのゴイサギの雛は10羽。皆、羽ばたきの練習をしている。シラサギの雛が孵っている巣はAが1、Bが4､5個。Bには羽ばたきの練習をしているのもいる。羽の裏はトキ色ではない。アマサギ1羽。","","","",""
"17120183119","","","2010-06-26 00:00:00 +0000","<a href=""http://twitter.com"" rel=""nofollow"">Twitter Web Client</a>","2010.6.26 9時 Aブロックでもシラサギの雛２羽を確認。Bブロックに頭と首のそれぞれ一部が茶色のやや小さめのシラサギを確認。クチバシは黄色。アマサギの若い個体？。シラサギの卵の色は水色であることを図鑑で知った。巣の中にときどき水色のものが見えたのは卵だったんだ。","","","",""
"17001574837","","","2010-06-25 00:00:00 +0000","<a href=""http://twitter.com"" rel=""nofollow"">Twitter Web Client</a>","2010.6.25 14時 早生まれの雛は随分育っている。Aブロック、手前の巣の2羽も親並の大きさになっていた。Bブロックは羽ばたきの練習をしているシラサギの雛2羽をいきなり確認。羽裏はトキ色だった。Bはシラサギのヒナ多数。産毛が白くなり、シラサギらしくなった雛もいた。","","","",""
"17001716245","","","2010-06-25 00:00:00 +0000","<a href=""http://twitter.com"" rel=""nofollow"">Twitter Web Client</a>","2010.6.25 14時 続報 シラサギ約80羽、ゴイサギ約30羽。カラスの鳴き声がよく聞こえたたせいか、サギが一斉にコロニー上を乱舞することがあった。暑いため、羽で巣を覆うシラサギが数羽いた。観察中、カイツブリの鳴く声がよく聞こえた。","","","",""
"16910774587","","","2010-06-24 00:00:00 +0000","<a href=""http://twitter.com"" rel=""nofollow"">Twitter Web Client</a>","2010.6.23 16時頃 シラサギ約80羽。ゴイサギ約45羽。Aブロック、一番目立つゴイサギの雛2羽、その隣の巣に初認1羽。Ｂブロック、シラサギの巣は31.ゴイサギの雛1羽。シラサギの雛2羽。Bブロックは雛が小さくて、Aブロックは枝と雛が重なって、雛を見つけるのが困難。","","","",""
"16760499171","","","2010-06-22 00:00:00 +0000","<a href=""http://twitter.com"" rel=""nofollow"">Twitter Web Client</a>","2010.6.22 14時頃。シラサギ約70羽、ゴイサギ約25羽。Aブロックでゴイサギの雛をさらに2羽確認。Bブロックでは昨日とは違う巣でシラサギの雛を2羽確認。こちらはまだ小さく、雛らしい。羽を広げて巣を覆うシラサギが目立つ。ゴイサギはしない。Aブロックのシラサギの巣は21個。","","","",""
"16682244277","","","2010-06-21 00:00:00 +0000","<a href=""http://twitter.com"" rel=""nofollow"">Twitter Web Client</a>","2010.6.21 14時頃。シラサギ約70羽(ダイサギ2)、ゴイサギ約25羽。ゴイサギの雛はさらに大きくなっていた。羽毛が膨れているので、親鳥よりも1周り小さい程度に見える。Bブロックでもゴイサギの雛1羽とチュウサギの雛1羽を確認。羽を広げて巣を覆う親や、小枝を運ぶ個体もいた。","","","",""
"16604127586","","","2010-06-20 00:00:00 +0000","<a href=""http://twitter.com"" rel=""nofollow"">Twitter Web Client</a>","2010.6.20 15時 ゴイサギのヒナは４羽。下の巣にもう1羽いた。一昨日より一回り大きくなり、親鳥の半分ぐらいある感じ。アオサギ幼鳥(今年巣立ち?)が一羽、地面に止まっていた。ゴイサギ約45羽、シラサギ約90羽(ダイサギは約4羽)。カラス1羽が上空を盛んに舞う。鳥見客2人。","","","",""
"16534623468","","","2010-06-19 00:00:00 +0000","<a href=""http://twitpic.com"" rel=""nofollow"">Twitpic</a>","Block B http://twitpic.com/1y2j0t","","","",""
"16534918943","","","2010-06-19 00:00:00 +0000","<a href=""http://twitpic.com"" rel=""nofollow"">Twitpic</a>","Aブロックです。 http://twitpic.com/1y2lan","","","",""
"16448959842","","","2010-06-18 00:00:00 +0000","<a href=""http://twitter.com"" rel=""nofollow"">Twitter Web Client</a>","2010.6.18 7時 シラサギ約100羽、ゴイサギ35羽強、ヒナは3羽。2日前より一回り大きくなっている。3羽以外のヒナを確認できないのが残念。アマサギ2羽が復活。嘴のピンクが鮮やかになってきた。側に亜麻色の羽はないが、嘴がアマサギと同色の個体がいた。おそらくアマサギだ。","","","",""
"16281000365","","","2010-06-16 00:00:00 +0000","<a href=""http://twitter.com"" rel=""nofollow"">Twitter Web Client</a>","20106.16 13:30　ゴイサギのヒナを確認。親鳥の4分の1くらいあった。先日来のチッチッチという鳴き声がヒナのものだったようだ。2つの巣で計3羽のヒナを確認したが、声から判断すると、もう少しいそう。雛は産毛(?)と黄色い脚がよく目立った。雛の誕生はやはり、うれしい。","","","",""
"16281257917","","","2010-06-16 00:00:00 +0000","<a href=""http://twitter.com"" rel=""nofollow"">Twitter Web Client</a>","2010.6.16 続報 シラサギ約85羽。ゴイサギ約20羽で巣は7つ確認。シラサギのヒナは確認できなかった。羽を広げて、巣を日光から守っているようなしぐさを見せたシラサギがいた。カラスが1羽、コロニーをかすめて飛んでいった。目の周りが緑のダイサギ1羽。アマサギはいない。","","","",""
"16205867153","","","2010-06-15 00:00:00 +0000","<a href=""http://twitter.com"" rel=""nofollow"">Twitter Web Client</a>","2010.6.15 13:30頃 ゴイサギ15羽強、巣は5,6個。シラサギ約85羽、巣40個ぐらい。サギのコロニーにはササゴイもいることがあるらしいが、ここでは見ていない。サギが営巣している箇所は林の中の２箇所に集中しているのだが、どちらも葉が落ちて、枯れ木状態になってきた。","","","",""
"16070509851","","","2010-06-13 00:00:00 +0000","<a href=""http://twitter.com"" rel=""nofollow"">Twitter Web Client</a>","2010.6.13 16時頃　シラサギ約90羽、ゴイサギ15羽強。ダイサギが目についた。目の周りが緑が2羽、嘴黄色が1羽。ダイサギの大きさというか首の長さは際立つ。アマサギはいない。チッチッチという声は今日も聞こえたが、ヒナが孵っているのかどうかは不明のまま。","","","",""
"15987792857","","","2010-06-12 00:00:00 +0000","<a href=""http://twitter.com"" rel=""nofollow"">Twitter Web Client</a>","2010.6.12 15頃　シラサギ約80羽、ゴイサギ約15羽。アマサギはいない。チッチッという声が聞こえるがスズメなのか、ヒナの声なのか判別できない。カラズが2羽、コロニーの上を舞っていた。もしかして、ヒナを狙っている？。ヒナがいるのかどうか、何とも言えません。","","","",""
"15914704026","","","2010-06-11 00:00:00 +0000","<a href=""http://twitter.com"" rel=""nofollow"">Twitter Web Client</a>","2010.6.11 17時 アマサギ2羽登場!。鮮やかな亜麻色、当たり前か。頭、首、そして1羽は背中も亜麻色だった。シラサギ約100羽、ゴイサギ約10羽。ヒナが孵った気配はない。","","","",""
"15684921991","","","2010-06-08 00:00:00 +0000","<a href=""http://twitter.com"" rel=""nofollow"">Twitter Web Client</a>","2010.6.7 13時頃 シラサギ90羽強、ゴイサギ約15羽。ゴイサギは成長と幼鳥の体色がはっきりと異なるが、中間的な個体が見受けられない。このコロニーにはたまたまそういう個体がいないのか、それとも、短期間に一気に体色が変化するのか疑問だ。","","","",""
"15555668122","","","2010-06-06 00:00:00 +0000","<a href=""http://twitter.com"" rel=""nofollow"">Twitter Web Client</a>","2010.6.6 17時頃 シラサギ80羽強、ゴイサギ10羽強。ヒナの声は聞こえず。Yahooオンライン野鳥図鑑によると抱卵期間はコサギ22~24日、チュウサギ24~27日、ダイサギ約25日。抱卵している姿が見え始めたのは先月20日過ぎ頃から。今週末頃にはヒナが誕生するかも。","","","",""
"15486053049","","","2010-06-05 00:00:00 +0000","<a href=""http://twitter.com"" rel=""nofollow"">Twitter Web Client</a>","2010.6.5 17時頃 シラサギ80羽強、ゴイサギ約10羽。今日もゴイサギが少ない。ヒナがいる気配はない。ダイサギは目の周り緑と嘴黄色が1羽ずつ。並んで見物していたおじさんは「アオサギもいる」と言っていたが、わしは見ちょらん。このコロニーは去年もあったことを教えてもらった。","","","",""
"15399687656","","","2010-06-04 00:00:00 +0000","<a href=""http://twitter.com"" rel=""nofollow"">Twitter Web Client</a>","2010.6.5 11:30頃 シラサギ105羽、ゴイサギ12･3羽。ゴイザギは多いときと少ないときがある。ヒナが孵っている様子はない。観察からの帰り道、原因は不明だが飛ぶことができないカラスの幼鳥が道端から道路にさまよい出て、車に轢かれた。親鳥らしい2羽がしきりに鳴いていた。","","","",""
"15313705748","","","2010-06-03 00:00:00 +0000","<a href=""http://twitter.com"" rel=""nofollow"">Twitter Web Client</a>","2010.6.4 16時頃　シラサギ80羽、ゴイサギは15羽弱と少ない。ヒナの声は聞こえない。抱卵ポーズのシラサギは40ぐらい。ダイサギは目の周り緑が2、嘴黄色が1．サギのコロニーに来る途中の水田でセッカを見た（聞いた）。","","","",""
"15028270605","","","2010-05-30 00:00:00 +0000","<a href=""http://twitter.com"" rel=""nofollow"">Twitter Web Client</a>","2010.5.30 16時頃 シラサギは100羽をカウント、ゴイサギは約25羽。ヒナの声は聞こえない。嘴の黄色いダイサギを4羽確認(昨日のは目の周りが緑）。ダイサギはやはり目立つ。ゴイサギが木から降りて、岸辺の水際に7,8羽。休日のせいか、今日も鳥見客がちらほら。","","","",""
"14959971428","","","2010-05-29 00:00:00 +0000","<a href=""http://twitter.com"" rel=""nofollow"">Twitter Web Client</a>","2010.5.29 11時頃　川を渡ってコロニーの反対側からも観察。シラサギは100ぐらい、ゴイサギは40ぐらいと見積もった。ダイサギは４,5羽と数は少ないが目立つ位置に営巣。チュウサギとコサギはほぼ同数。ヒナの鳴声は聞こえない。一般の鳥見客が目につくようになってきた。","","","",""
"14881802736","","","2010-05-28 00:00:00 +0000","<a href=""http://twitter.com"" rel=""nofollow"">Twitter Web Client</a>","2010.5.28 午前11時　シラサギ約85羽、ゴイサギ約25羽。シラサギはからだを横にして止まっているものがすいぶん多くなった。半数近くが抱卵ポーズだ。ゴイサギも抱卵ポーズが何羽か目についた。カワウが一羽上空を通過したが、降りては来なかった。","","","",""
"14677976171","","","2010-05-25 00:00:00 +0000","<a href=""http://twitter.com"" rel=""nofollow"">Twitter Web Client</a>","2010.5.24 14:20頃 シラサギ70羽強、ゴイサギ20羽弱。ゴイサギはホシゴイと半々ぐらい。抱卵ポーズのゴイサギも1､2羽。大中小の比率は1:3:3ぐらいで、中が少し小よりも多い。","","","",""
"14489894247","","","2010-05-22 00:00:00 +0000","<a href=""http://twitter.com"" rel=""nofollow"">Twitter Web Client</a>","2010.5.22 14時頃 シラサギ約70羽、ゴイサギ約20羽。シラサギは抱卵ポーズのものが7,8羽ぐらい。ゴイサギは抱卵ポーズのものはいない。大中小の比率は1:4:2ぐらいだろうか。アマサギ、アオサギ、カワウはいない。","","","",""
"14406597378","","","2010-05-21 00:00:00 +0000","<a href=""http://twitter.com"" rel=""nofollow"">Twitter Web Client</a>","2010.5.21 シラサギ約60羽、大中小それぞれ確認。チュウサギが一番多いように感じる。目の周りが薄緑のダイサギのもいた。4,5羽がからだを横にしてじっと止まっていた。抱卵中？。ゴイサギは約25羽。こちらは、抱卵を疑われるものはいない。13時頃観察。","","","",""
"14095191432","","","2010-05-16 00:00:00 +0000","<a href=""http://twitter.com"" rel=""nofollow"">Twitter Web Client</a>","2010.5.16 シラサギ約60羽ゴイサギ約20羽、カメラマン2人、昨日とは違う嘴の黄色いダイサギ1羽確認。コサギがあまり目につかず、チュウサギが目立った。午後5時頃観察。ホシゴイとゴイサギは半々ぐらい。ゴイサギは成鳥になるまでに２年ぐらいかかるようだ。","","","",""
"14006266865","","","2010-05-15 00:00:00 +0000","<a href=""http://twitter.com"" rel=""nofollow"">Twitter Web Client</a>","oldsumida閉鎖のお知らせ 毎日の犬の散歩中の観察記録を書き込んでいましたが、娘が犬の散歩をするようになったため、観察ができなくなりました。そこで、このサイトは閉鎖します。フォローしていただいた皆さま、ありがとうございました。近日中にサギの観察記録サイトを立ち上げます。","","","",""
"13537248972","","","2010-05-07 00:00:00 +0000","<a href=""http://twitter.com"" rel=""nofollow"">Twitter Web Client</a>","2010.5.7 アオサギ1(南中曽根）","","","",""
"13481573863","","","2010-05-06 00:00:00 +0000","<a href=""http://twitter.com"" rel=""nofollow"">Twitter Web Client</a>","2010.5.6 シジュウカラの鳴声（野鳥の森）","","","",""
"13419879920","","","2010-05-05 00:00:00 +0000","<a href=""http://twitter.com"" rel=""nofollow"">Twitter Web Client</a>","2010.5.5 ムナグロ13(南中曽根)","","","",""
"12856863262","","","2010-04-26 00:00:00 +0000","<a href=""http://twitter.com"" rel=""nofollow"">Twitter Web Client</a>","2010.4.26 ヒヨドリ、キジバト、カルガモ2羽（いつもの沼）","","","",""
"12810336913","","","2010-04-25 00:00:00 +0000","<a href=""http://twitter.com"" rel=""nofollow"">Twitter Web Client</a>","2010.4.25 コガモ4羽(旧古隅田川)","","","",""
"12148780381","","","2010-04-14 00:00:00 +0000","<a href=""http://twitter.com"" rel=""nofollow"">Twitter Web Client</a>","2010.4.14 コサギ1羽(豊春小そば)","","","",""
"11678522676","","","2010-04-06 00:00:00 +0000","<a href=""http://twitter.com"" rel=""nofollow"">Twitter Web Client</a>","2010.4.6 ツバメ1羽(春日部駅近く）本年初認","","","",""
"11290375797","","","2010-03-30 00:00:00 +0000","<a href=""http://twitter.com"" rel=""nofollow"">Twitter Web Client</a>","2010.3.30 ウグイス1 自宅庭、隣宅のアカメの生垣から飛び出してきた","","","",""
"11238211146","","","2010-03-29 00:00:00 +0000","<a href=""http://twitter.com"" rel=""nofollow"">Twitter Web Client</a>","2010.3.29 コガモ4羽(旧古隅田川)","","","",""
"10700909364","","","2010-03-19 00:00:00 +0000","<a href=""http://twitter.com"" rel=""nofollow"">Twitter Web Client</a>","2010.3.19 ヒヨドリ2羽がここ数日、11時頃になると自宅庭に来て、庭木の新芽や花びらをついばんで行く。","","","",""
"10369594874","","","2010-03-12 00:00:00 +0000","<a href=""http://twitter.com"" rel=""nofollow"">Twitter Web Client</a>","2010.3.11 セグロセキレイ1 豊春駅前","","","",""
"10053365953","","","2010-03-06 00:00:00 +0000","<a href=""http://twitter.com"" rel=""nofollow"">Twitter Web Client</a>","2010.3.5 ジョウビタキ♀1(自宅庭)","","","",""
"9657267286","","","2010-02-26 00:00:00 +0000","<a href=""http://twitter.com"" rel=""nofollow"">Twitter Web Client</a>","2010.2.26 オナガ1,シジュウカラ1（野鳥の森）","","","",""
"9608328415","","","2010-02-25 00:00:00 +0000","<a href=""http://twitter.com"" rel=""nofollow"">Twitter Web Client</a>","2010.2.25 モズ1(野鳥の森､畑との境) 、オオジュリン2(旧古隅田川)","","","",""
"9476035536","","","2010-02-22 00:00:00 +0000","<a href=""http://twitter.com"" rel=""nofollow"">Twitter Web Client</a>","2010.2.22 シメの鳴声（いつもの沼）","","","",""
"9329015175","","","2010-02-19 00:00:00 +0000","<a href=""http://twitter.com"" rel=""nofollow"">Twitter Web Client</a>","2010.2.19 モズ1(野鳥の森の端、畑との境界にある木の枝)","","","",""
"9304781388","","","2010-02-18 00:00:00 +0000","<a href=""http://twitter.com"" rel=""nofollow"">Twitter Web Client</a>","2009.2.18 コゲラ1（野鳥の森) 初めて鳴声で認識。ウグイス1(自宅庭)","","","",""
"9119679033","","","2010-02-15 00:00:00 +0000","<a href=""http://twitter.com"" rel=""nofollow"">Twitter Web Client</a>","2010.2.14 オナガ1羽だけ（野鳥の森）","","","",""
"8893252949","","","2010-02-10 00:00:00 +0000","<a href=""http://twitter.com"" rel=""nofollow"">Twitter Web Client</a>","2010.2.10 シロハラ1(野鳥の森・地面)","","","",""
"8833612782","","","2010-02-09 00:00:00 +0000","<a href=""http://twitter.com"" rel=""nofollow"">Twitter Web Client</a>","2010.2.9 いつもの沼、水面から枝を突き出している倒木の上でムクドリが水浴び","","","",""
"8795395776","","","2010-02-08 00:00:00 +0000","<a href=""http://twitter.com"" rel=""nofollow"">Twitter Web Client</a>","2010.2.7 カワラヒラ1(立野小側)","","","",""
"8795430409","","","2010-02-08 00:00:00 +0000","<a href=""http://twitter.com"" rel=""nofollow"">Twitter Web Client</a>","2010.2.8 コサギ1(豊春小側)､モズ1(野鳥の森の端、畑との境界)、コガモ5(旧古隅田川)","","","",""
"8676728562","","","2010-02-05 00:00:00 +0000","<a href=""http://twitter.com"" rel=""nofollow"">Twitter Web Client</a>","2010.2.5 アオジ♀1、ジョウビタキ♀1（我が家の庭）","","","",""
"8623283774","","","2010-02-04 00:00:00 +0000","<a href=""http://twitter.com"" rel=""nofollow"">Twitter Web Client</a>","2010.2.5 ダイサギ1（豊春小側）、コガモ3","","","",""
"8530243965","","","2010-02-02 00:00:00 +0000","<a href=""http://twitter.com"" rel=""nofollow"">Twitter Web Client</a>","2010.2.2 セグロカモメ1、セグロセキレイ1(古利根川)","","","",""
"8349792410","","","2010-01-29 00:00:00 +0000","<a href=""http://twitter.com"" rel=""nofollow"">Twitter Web Client</a>","2010.1.29 モズ1(野鳥の森の端、畑との境界あたり)、コガモ4 or 5(旧古隅田川)","","","",""
"8313142283","","","2010-01-28 00:00:00 +0000","<a href=""http://twitter.com"" rel=""nofollow"">Twitter Web Client</a>","2010.1.28 シメ1(いつもの沼)","","","",""
"8267314164","","","2010-01-27 00:00:00 +0000","<a href=""http://twitter.com"" rel=""nofollow"">Twitter Web Client</a>","2010.1.27 オナガ1羽で鳴き騒ぐ(野鳥の森)、コガモ5、タシギ1(旧古隅田川)","","","",""
"8053639836","","","2010-01-22 00:00:00 +0000","<a href=""http://twitter.com"" rel=""nofollow"">Twitter Web Client</a>","20010.1.22 シメ（いつもの沼）、シジュウカラ2（野鳥の森）","","","",""
"8012627260","","","2010-01-21 00:00:00 +0000","<a href=""http://twitter.com"" rel=""nofollow"">Twitter Web Client</a>","2010.1.21 いつもの沼の氷なくなる。シメ１道路のアスファルトの上に降りていた。シロハラ1田んぼで。カワラヒワ1、ツグミ１．","","","",""
"7808220621","","","2010-01-16 00:00:00 +0000","<a href=""http://twitter.com"" rel=""nofollow"">Twitter Web Client</a>","2010.1.16 いつもの沼完全結氷 コゲラ1(野鳥の森)","","","",""
"7771068669","","","2010-01-15 00:00:00 +0000","<a href=""http://twitter.com"" rel=""nofollow"">Twitter Web Client</a>","2010.1.15シメ１ いつもの沼","","","",""
"7737676120","","","2010-01-14 00:00:00 +0000","<a href=""http://twitter.com"" rel=""nofollow"">Twitter Web Client</a>","2010.1.14 岩槻区南平野からの帰り道、ジョウビタキ♂1","","","",""
"7424051883","","","2010-01-06 00:00:00 +0000","<a href=""http://twitter.com"" rel=""nofollow"">Twitter Web Client</a>","2010.1.6 ハクセキレイ2、ダイサギ、コサギ、カルガモ2（旧古隅田川)","","","",""
"7428920694","","","2010-01-06 00:00:00 +0000","<a href=""http://twitter.com"" rel=""nofollow"">Twitter Web Client</a>","2010.1.6昼 シロハラ2,シジュウカラ(八幡公園)","","","",""
"7396031589","","","2010-01-05 00:00:00 +0000","<a href=""http://twitter.com"" rel=""nofollow"">Twitter Web Client</a>","2010.1.5 いつもの沼ハクセキレイ１、カルガモ１","","","",""
"7331661605","","","2010-01-03 00:00:00 +0000","<a href=""http://twitter.com"" rel=""nofollow"">Twitter Web Client</a>","2010.1.3 旧古隅田川 ジョウビタキ♀1,いつもの沼、半分位結氷","","","",""
"7347728509","","","2010-01-03 00:00:00 +0000","<a href=""http://twitter.com"" rel=""nofollow"">Twitter Web Client</a>","2010.1.4 ジョウビタキ♀1、ツグミ1(南中曽根)、ダイサギ1(旧古隅田川)","","","",""
"7267611478","","","2010-01-01 00:00:00 +0000","<a href=""http://twitter.com"" rel=""nofollow"">Twitter Web Client</a>","2010.1.1　ノスリ1、アオジ2（徳力）、シロハラ3（いつもの池）","","","",""
"7151712296","","","2009-12-29 00:00:00 +0000","<a href=""http://twitter.com"" rel=""nofollow"">Twitter Web Client</a>","2009.12.29 野鳥の森アオジ1、シロハラ1","","","",""
"7116257974","","","2009-12-28 00:00:00 +0000","<a href=""http://twitter.com"" rel=""nofollow"">Twitter Web Client</a>","2009.12.28 旧古隅田川 アオジ1 野鳥の森チョウゲンポウ1(4日連続)","","","",""
"7015926737","","","2009-12-25 00:00:00 +0000","<a href=""http://twitter.com"" rel=""nofollow"">Twitter Web Client</a>","2009.12.25 いつもの沼 チョウゲンポウ1、シメらしき鳴声、メジロ鳴声","","","",""
"6982033034","","","2009-12-24 00:00:00 +0000","<a href=""http://twitter.com"" rel=""nofollow"">Twitter Web Client</a>","2009.12.24 旧古隅田川（豊春小付近）カワセミ1 野鳥の森コゲラ1ヒガラ?メジロ","","","",""
"6961046082","","","2009-12-23 00:00:00 +0000","<a href=""http://twitter.com"" rel=""nofollow"">Twitter Web Client</a>","2009.12.23 いつもの沼でモズ1シメ1コゲラ1、キジバト･ヒヨドリ･シジュウカラ、カルガモ6","","","",""
"6909059224","","","2009-12-21 00:00:00 +0000","<a href=""http://twitter.com"" rel=""nofollow"">Twitter Web Client</a>","2009.12.22　いつもの沼の表面の７割ぐらい凍結。カルガモ5ﾊ","","","",""
"6854978987","","","2009-12-20 00:00:00 +0000","<a href=""http://twitter.com"" rel=""nofollow"">Twitter Web Client</a>","旧古隅田川（豊春小付近）でモズ、ツグミ、ヒヨドリ、シジュウカラ、メジロ、ハクセキレイ","","","",""
"6874712265","","","2009-12-20 00:00:00 +0000","<a href=""http://twitter.com"" rel=""nofollow"">Twitter Web Client</a>","2009.12.21   旧古隅田川（豊春小付近）コガモ４羽、野鳥の森モズ1羽","","","",""
"6791298009","","","2009-12-18 00:00:00 +0000","<a href=""http://twitter.com"" rel=""nofollow"">Twitter Web Client</a>","旧古隅田川でコガモ３羽。","","","",""
"6688170440","","","2009-12-15 00:00:00 +0000","<a href=""http://twitter.com"" rel=""nofollow"">Twitter Web Client</a>","いつもの沼でカルガモ13羽。","","","",""
"6622098756","","","2009-12-13 00:00:00 +0000","<a href=""http://twtr.jp"" rel=""nofollow"">Keitai Web</a>","シジュウカラ2羽。上蛭田。","","","",""
"6643628085","","","2009-12-13 00:00:00 +0000","<a href=""http://twitter.com"" rel=""nofollow"">Twitter Web Client</a>","スズメの群れにメジロが1羽混じっていた。いつもの沼でウグイス1、シロハラらしき鳴き声。シメらしき鳥も。豊春駅近くでチョウゲンポウ１羽。隣家の庭にアオジ？。","","","",""
"6588112864","","","2009-12-12 00:00:00 +0000","<a href=""http://twitter.com"" rel=""nofollow"">Twitter Web Client</a>","自宅の庭にヒヨドリ、メジロ。そしてツグミも。","","","",""
"6396512467","","","2009-12-06 00:00:00 +0000","<a href=""http://twitter.com"" rel=""nofollow"">Twitter Web Client</a>","ツグミを３羽（いつもの沼）、ジョウビタキをペアで確認（南中曽根）　2009.12.6","","","",""
